Movie,Exciting,Fast-paced,Feel-good,Funny,Happy,Inspiring,Mind-fucking,Romantic,Scary,Silly,Thought-provoking
12 Angry Men,2.122480962,1.404589932,3.293245973,2.791968049,1.221421482,1.681475746,1.11625886,2.023176239,1.188612165,3.008780282,3.814812125
12 Years a Slave,2.985782396,4.130405181,1.160933164,3.811432502,4.505083616,4.727312774,2.012472416,4.874752985,2.2152601,3.773755134,2.770764468
2001: A Space Odyssey,4.238107658,1.929141576,4.950075668,4.091511662,1.399129734,4.408057416,3.525108915,4.320429429,1.502141178,4.003640988,1.571537254
3 Idiots,4.29335741,4.056896612,2.680119471,3.919995902,4.646815562,1.844151898,4.47998116,4.732685183,4.98069223,3.681607794,1.963014648
A Beautiful Mind,3.227802057,1.08249445,3.588691409,1.884995189,2.274270795,2.527673434,2.470783744,1.628499568,4.279289171,4.43535143,2.917127928
A Clockwork Orange,2.627116955,4.445494919,2.457120961,2.876344645,2.624353365,4.164282881,1.965023701,1.071967025,1.352193255,1.44832533,3.787395994
A Separation,4.715320324,4.08064123,1.572703504,4.711824855,4.411077452,4.713374445,2.282294439,1.224132697,2.954535647,2.707599775,1.612000023
Akira,4.00459493,3.287607952,1.771975227,2.511824879,4.175287546,1.574934938,1.412523123,4.361526465,3.00830494,1.977347313,4.306554629
Alien,2.755599534,4.554516922,3.61315187,4.448899444,4.60812937,3.231701199,4.842214177,4.588440021,4.94775055,1.445473052,2.544167858
Aliens,4.25550477,3.499225217,1.071475052,1.674610073,3.343923517,1.314886515,2.315655753,3.81484153,2.670706655,1.748228262,1.46790229
All About Eve,3.778148056,2.37384489,4.528268195,2.055697114,3.961531807,4.079770755,3.660182976,1.923779016,4.550280886,2.124791015,2.909989087
Amadeus,4.762511063,1.319295886,1.685295155,4.233184961,3.379082527,3.676724512,3.317905205,3.878351268,4.215567263,2.531712301,1.210843963
Amélie,1.207547704,2.304160123,4.017948957,2.319629982,2.689748336,4.935108497,2.176485061,4.617540042,2.913137996,3.232316452,1.627575237
American Beauty,4.883569001,3.708956772,3.69353146,4.030705019,3.023006832,2.107695537,2.235333133,2.450459959,1.658734865,3.346909134,1.792616352
American History X,2.532904364,4.989345388,3.692543191,3.163880112,3.27274745,1.490665781,4.399905603,1.09262143,3.249961574,3.436554797,3.220315479
Amores Perros,1.723469604,3.106067313,3.217249406,3.001154241,2.720487422,4.475922323,1.407802415,4.908441666,4.573908781,4.953104574,2.58700997
Andhadhun,4.800159599,1.031813804,1.406956346,1.737794839,3.073781634,1.665326486,1.391626356,3.042578429,1.087129369,3.213275692,2.232409211
Andrei Rublev,4.149755628,2.407698101,3.600713136,2.955379658,3.512893942,1.502887243,2.299437752,3.979004946,2.592358059,2.692550904,4.624986056
Apocalypse Now,3.152274553,1.693721541,1.762052198,3.029362282,4.290746713,4.731231919,3.867641733,1.010204067,1.881857095,3.711268746,1.960941901
Avengers: Infinity War,3.644662437,4.963109346,1.835426425,2.658519598,4.55705795,3.190855616,1.324123216,3.66350469,2.303750331,3.505724971,1.036882366
Back to the Future,1.912922939,4.120458861,4.445342808,2.058634283,3.110922849,4.540192311,2.103641883,3.41945721,3.200585078,3.162138251,1.499004602
Barry Lyndon,2.428148202,1.481695385,2.620612716,2.295726563,1.381134533,1.157380345,3.428732864,3.989312348,2.721746996,2.47314806,2.537366244
Batman Begins,4.71336123,3.306774368,1.99249811,2.929657214,3.944261377,3.835855974,2.51407304,3.68909525,2.115509254,4.967581615,2.079126039
Beauty and the Beast,4.801643393,4.136399171,3.760843511,1.136799289,3.208481259,1.119446837,3.467880557,3.315645493,1.895436742,2.544475925,4.502991838
Before Sunrise,4.104406378,4.132582,3.251623827,4.781718521,3.997431219,1.480980234,3.135285859,1.485669958,4.128138671,3.059083956,1.130582406
Before Sunset,1.267607556,2.618473285,4.858440516,2.108855077,2.775433935,3.051241675,3.638001033,1.524224708,3.54389768,1.881358776,4.658240437
Ben-Hur,2.697884321,4.704239824,2.927198673,1.70020614,3.485019102,1.828914751,4.202469351,3.152951018,4.963828181,3.405781402,2.43387583
Bicycle Thieves,1.484015991,4.951883121,3.66940277,1.085490517,2.124405854,2.622205821,2.938894102,2.423046708,3.914851375,4.713309112,4.63723768
Blade Runner,2.65273291,3.261710883,3.599324682,3.5555983,2.222244027,3.679896763,3.006942424,1.569072625,2.7751782,3.830177274,4.872911466
Braveheart,1.105054397,3.272737826,4.537577505,1.7229352,1.115497832,3.233352379,4.765698149,3.684329484,3.366101156,3.054801396,1.528786488
Butch Cassidy and the Sundance Kid,4.04207139,4.992126581,2.609951177,3.064142119,2.250176533,4.833156756,2.599831964,2.694497052,2.392761744,2.042100458,1.347138376
Casablanca,4.455539427,2.504980362,4.539016408,2.443449934,4.484628494,1.959897841,1.468189234,1.919388494,4.769669728,4.607520847,2.222457019
Casino,1.378311535,2.267260442,3.223422114,2.967637531,2.516481733,2.777059104,1.273977206,3.368838491,1.940778867,3.09445767,3.927082629
Castle in the Sky,4.841108322,2.877692668,3.332323774,3.681086576,1.696312715,2.521306056,3.264330928,4.123816651,4.008616954,1.450415166,2.351346791
Catch Me If You Can,3.735007545,2.207464587,4.25707724,3.677594329,3.465024406,3.326131014,3.993110462,4.436768673,3.765527186,4.35834107,3.559739096
Children of Heaven,4.108783275,4.45170269,3.682923064,2.236675793,3.52660503,2.363756318,3.690898487,2.686862703,1.615101511,1.150341967,2.057007483
Chinatown,3.752112496,2.623637266,3.613987411,4.399086605,3.305439605,3.880440733,2.968152693,1.352587272,4.427843144,4.718555792,1.998960541
Cinema Paradiso,3.311466287,3.577505827,3.088281383,3.895945765,2.889852447,4.844494367,3.207511113,3.08595625,3.309425934,1.28024056,3.42454583
Citizen Kane,1.731610093,2.771633686,2.085686496,1.645769437,1.676269571,3.966872168,4.466080965,3.435672705,2.556600625,1.875390286,4.44130445
City Lights,4.310825312,1.531766229,3.642942786,2.739629427,3.165221114,2.305620974,1.973215451,4.675285848,4.385112973,4.294220841,4.203744072
City of God,1.574018844,1.210972555,3.147843941,3.717268115,4.411617837,2.863988586,1.628482687,1.494261657,2.43017843,3.433827024,2.752179
Coco,4.242022841,4.543519195,3.269500935,4.575605606,3.062218916,3.961059021,1.911660194,3.856201187,3.991397022,1.764768908,2.866244003
Come and See,2.165830378,1.555034041,2.744011352,4.494787065,3.36503848,1.94315944,1.106841582,1.810997033,3.395104911,4.013921493,1.582563525
Cool Hand Luke,4.202656186,3.539153438,3.568597288,3.781618185,4.742559248,1.450815612,2.840319141,3.681505895,3.202473765,1.143952626,4.730175274
Dangal,3.588516821,4.031814321,3.506230328,3.644967913,4.314070731,1.432257536,2.937344735,4.88440572,4.014319803,1.539861049,2.022417384
Das Boot,4.623038514,3.644405524,3.776034959,2.167816954,2.567062658,2.187482685,1.058196527,2.390261479,4.810871494,1.505218689,4.608989367
Dead Poets Society,3.339138754,2.080025701,2.389707132,2.439235374,4.97900885,3.867648077,4.806055645,3.528263357,3.748457138,3.03516259,1.387128591
Diabolique,4.720569186,3.165603323,1.46734662,3.561727253,4.921561701,4.793807132,4.77304491,4.101080027,4.240648052,2.210911585,3.290921095
Dial M for Murder,3.714757045,4.064429551,1.993468854,4.086327464,3.501226497,4.202609273,2.181771805,1.469384515,2.019467864,2.373920938,1.520574227
Die Hard,2.679634121,4.041480816,2.18605095,3.860109736,4.608022679,3.250614934,3.557482164,3.162688919,2.069477874,4.361708988,4.055559855
Django Unchained,1.698815236,1.751173412,2.103471398,3.538558475,1.697729635,2.857169365,2.918501049,3.676380432,4.036671011,4.730676466,3.658291214
Dog Day Afternoon,1.953176185,4.6792092,4.454925902,4.500522162,2.020392251,3.527966798,4.493120995,1.611372769,2.912267811,2.84568445,2.796553968
Donnie Darko,1.559767436,2.456975159,4.627030178,4.069619004,3.029663381,4.148393867,4.226651138,1.791651694,4.117650709,4.946077209,1.648241654
Double Indemnity,2.933642504,2.257632545,3.394253559,3.791247901,1.320230983,3.599882282,4.63526309,3.774578119,1.966301414,2.054396355,3.02175286
Downfall,4.438132413,1.761145702,2.079078122,2.198997077,3.75379495,2.146977676,3.360443286,3.422162465,4.837015508,1.834508923,3.732484952
Dr. Strangelove or: How I Learned to Stop Worrying and Love the Bomb,1.057769736,4.137504149,4.141894865,4.895238265,3.740129844,3.915319535,4.713494919,3.255863247,3.585788527,3.619168693,1.735076663
Eternal Sunshine of the Spotless Mind,4.641812914,4.718289634,3.207556587,3.871486274,3.047417813,1.358954183,4.38362488,1.908522587,1.845905795,2.94144549,4.420666545
Fargo,2.284883272,4.762249985,4.780229674,2.527285951,2.244968957,1.650239304,1.527535302,2.950639018,3.646482356,3.584938771,2.222031417
Fight Club,1.041466533,1.738469839,4.618916837,1.003842405,3.867786854,1.34803009,3.642120397,1.025572236,2.349831321,4.117424863,3.3467109
Finding Nemo,1.998748868,1.736965703,2.192810183,1.095085282,1.558133018,4.581067167,1.451840179,4.889334532,3.020698033,2.498576909,4.047432593
For a Few Dollars More,2.964477883,3.188770556,4.38418417,4.520755165,2.597493108,1.364909711,1.668154013,4.406446924,4.705580698,3.113999578,3.012137429
Forrest Gump,4.328269421,4.746842397,1.190202225,3.991454749,2.381803944,1.417507966,4.252546329,1.865982308,4.127461499,1.80733041,2.227738317
Full Metal Jacket,3.88399228,2.724607678,1.291100643,1.29531722,2.340328225,1.040536864,1.875150083,1.530217696,3.62968697,1.210602885,3.238166246
Gandhi,1.671501619,3.278677669,2.699628142,4.098419773,4.226273253,3.842262689,3.443112948,4.014612476,2.979771042,4.084122109,4.056696944
Gladiator,1.323566886,4.83052536,1.223571253,1.441021254,4.611615219,3.111137232,2.763164582,3.035769155,3.506218312,1.336547677,3.129291913
Gone Girl,2.937264543,2.341448591,2.386257548,3.288653212,4.96111856,4.558377518,3.110769748,1.893452838,4.606928016,3.151117036,4.597977833
Gone with the Wind,1.472110571,4.69654606,3.664056851,2.036666195,3.810394813,3.117813665,1.483111014,1.523015969,3.576510862,1.61441489,2.844071527
Good Will Hunting,3.825991635,4.629058348,1.430026957,4.269354523,2.386218088,4.093126977,2.838362048,3.677298569,1.359064561,2.031345204,2.542371402
Goodfellas,4.923044378,1.355263308,3.175477371,2.956244437,4.152850249,2.384430289,3.753306443,3.228383072,4.449710044,3.961760408,1.749573249
Gran Torino,3.362858634,3.479478608,4.402441611,3.25290526,3.563383771,4.192709284,3.087738886,4.937892272,3.652119678,1.224754186,3.617131016
Grave of the Fireflies,2.045017916,4.461699553,2.178037812,1.855818795,4.047363676,4.628488607,2.024295653,1.251404105,1.428456084,3.428166499,2.027899199
Green Book,3.497457378,1.806308185,4.776607545,3.597705589,1.097822995,4.944762766,1.227628766,1.591691413,3.84625785,3.011351598,3.512422058
Groundhog Day,1.633827544,3.366716165,1.84414326,3.595005727,3.069415286,2.685040881,1.455310707,3.055952598,3.822984269,3.725965895,2.285837823
Guardians of the Galaxy,3.803440238,1.787981825,1.696551069,3.379488089,4.956998966,3.435283514,4.74415152,3.108502976,3.454028748,1.467889311,1.655202178
Hachi: A Dog's Tale,3.539262908,3.534682367,2.563023679,2.094254072,4.961166576,1.722453274,1.784730233,2.137355478,2.436644243,3.659490685,3.953833036
Hacksaw Ridge,3.00795288,2.121574075,1.143784725,3.524921048,2.924440561,4.341396854,2.961802635,2.515508673,2.573464474,1.197012638,3.652828732
Harry Potter and the Deathly Hallows: Part 2,4.80801649,1.238396869,1.0585535,1.487952255,4.858684903,3.958507778,3.750963445,2.153012248,3.907406576,3.638583238,4.583160534
Heat,1.680923801,1.620671809,4.463538005,2.765382093,4.298251926,4.514408106,1.944823518,2.866192435,3.133002541,1.110606753,3.93090819
Hotel Rwanda,2.75852288,2.803407037,2.951202079,1.353797764,2.578493056,2.364218627,4.962889669,4.784155937,4.240165024,3.859081349,4.637614676
How to Train Your Dragon,2.49160771,4.586255258,2.166209457,2.079859336,4.630521018,3.997562405,4.701459516,1.421932932,4.958147689,2.39308535,2.955909429
Howl's Moving Castle,1.428084604,2.673569337,3.825812614,4.224296228,3.322187695,1.395961752,2.721865822,4.72965166,3.236589298,4.194473921,3.035394513
Ikiru,1.079264565,3.161783444,3.816889902,2.228004573,4.936190434,4.863691449,2.636572414,2.303977489,1.471958102,3.199789087,1.504972476
In the Mood for Love,3.359513224,4.900658487,2.909677093,4.227320633,1.280351477,2.477851177,4.122973277,2.630561392,4.481552095,2.314370997,4.983845846
In the Name of the Father,1.749009935,2.080724938,4.068793453,2.852073304,4.918469092,4.111908301,2.99643742,1.70163262,4.49024637,2.725094721,3.44320797
Incendies,1.717314437,1.216185308,1.966560897,4.21510224,3.824355126,1.973156238,2.050834436,4.977767923,2.366965963,3.639848342,1.435543371
Inception,4.445419873,1.835747742,2.855322602,2.727311665,4.085518268,3.766187367,1.62903112,3.49087454,3.72286477,4.935699481,4.599249125
Indiana Jones and the Last Crusade,1.888844534,2.318078168,3.4168722,4.541019889,2.604224628,2.645016272,1.981866432,3.617026737,2.28111228,4.748510368,4.65018671
Indiana Jones and the Raiders of the Lost Ark,1.365975455,3.732606929,3.958631608,3.751165895,4.446333056,3.32925145,3.017387907,3.784665533,2.721595716,1.241390602,2.387292095
Inglourious Basterds,3.956717792,2.328637705,2.464276634,2.687504265,4.772059823,4.131697997,4.375477779,1.659735827,2.085583097,2.252602179,1.688912259
Inside Out,4.461017381,2.592772977,1.145875893,4.241437922,4.914467721,2.569741104,1.149304561,4.405909728,1.127996507,4.93816685,1.50863887
Interstellar,2.05409889,4.772511117,2.610802846,2.293742109,1.331542806,1.555849614,1.88519458,3.065898166,2.483188216,4.788157941,1.349881242
Into the Wild,4.981131515,1.149869361,4.999730416,4.629819137,3.806764732,2.759986634,3.13874005,1.528279721,1.498812288,1.085800545,1.082473847
It Happened One Night,3.847950512,1.15511199,4.108212925,3.709256379,4.389210686,1.706882287,4.734431671,2.383884104,3.012906938,4.313872804,2.790017745
It's a Wonderful Life,3.240251963,4.560238713,2.04753116,3.454643484,2.782925856,1.154043969,1.512801849,1.829330572,3.066003679,4.82225523,2.812221873
Jaws,1.411416722,2.525646633,1.700384611,2.003970775,1.233178458,3.734443989,2.275383025,4.782932799,4.508931782,3.848395418,4.138361869
Judgment at Nuremberg,2.513725179,1.120715818,4.906230284,2.637278049,3.187170097,1.021553103,3.726561432,4.640402906,1.797329766,2.486855917,2.28173323
Jurassic Park,1.807085468,2.369740871,4.84015459,4.430129467,3.00735894,1.834395197,1.599240545,2.72202865,2.876227299,1.73653709,2.046402045
Kill Bill: Vol. 1,4.078594221,1.532150588,1.728377272,1.325490946,1.281016195,3.411889224,3.627830543,1.944161041,3.758186749,3.774184659,4.813729505
L.A. Confidential,4.211195086,4.762654916,1.734313275,3.903402479,1.328984909,1.428295949,3.623848551,3.051133124,4.677983998,3.597212835,2.975325866
La Haine,3.052230065,4.342977596,1.40947205,4.883731846,2.854647441,3.444474382,2.785459649,1.999675036,2.287110719,4.180297301,4.138486505
Lawrence of Arabia,2.752682799,1.28859023,2.023982412,3.259581099,4.779351733,1.272346805,2.041980293,4.611630482,2.945335183,3.250991477,1.614055003
Léon: The Professional,4.295974558,3.763767115,3.081181304,2.13617064,4.950360986,1.846308943,1.776083792,4.298454154,2.18634557,3.84713002,2.493835964
Life Is Beautiful,3.653660197,4.554206729,1.781383169,4.539132368,1.260249736,4.578819363,2.549494322,3.167641758,2.690422551,1.578377312,4.484974711
Life of Brian,3.108336294,4.437862414,1.03713077,2.229575581,2.566692239,2.60139657,2.443112964,3.871366578,1.843742146,1.228776045,2.033598
Like Stars on Earth,2.916285387,2.806941366,2.752791709,4.028615433,3.198652819,1.350673602,3.863224852,2.6158903,1.428802119,3.906855939,3.25937655
"Lock, Stock and Two Smoking Barrels",2.671589019,2.156846374,1.728733591,1.050966172,1.933161509,1.29715736,1.858544367,4.350562231,3.769404406,4.507302366,1.907661168
Logan,2.917448498,2.778059872,4.957983094,3.580544432,2.408599193,1.541466887,4.69684058,2.129999379,4.674846147,1.864436861,2.840035836
M,4.949349349,2.373145348,4.110681634,4.428309726,1.997094141,2.320498873,3.11951423,1.35417261,4.947632117,2.496982604,4.882652459
Mad Max: Fury Road,4.931133314,1.155281935,2.613874243,3.578133096,3.680094146,3.211923677,3.37648558,3.780352208,1.685469218,3.090504674,4.569517373
Mary and Max,1.031320366,4.084548297,3.570368993,1.833995278,1.493290471,3.593795505,2.156152646,2.440112845,3.175016566,1.725203371,1.514122328
Memento,3.912668836,1.142913081,1.77104488,3.551924916,2.877082558,4.26357331,3.122210401,1.113070023,1.582868298,2.078581591,1.17842062
Memories of Murder,2.638170438,2.432899775,2.058228848,2.145379042,2.556918017,1.700296212,3.221595202,4.936170193,1.760349938,3.469308242,2.672099382
Metropolis,2.998148662,2.306755041,2.778573764,1.830939709,2.660562186,2.958315605,4.577767455,2.498235226,3.74165965,3.080344485,2.957481516
Million Dollar Baby,1.994890935,1.430432176,1.091640705,2.790518744,1.954916105,3.296124115,3.958709495,1.965001464,3.887416285,2.335891577,4.074615151
Modern Times,2.339311365,1.461380492,1.875592304,2.644722982,3.407132885,4.31484645,1.630631479,3.557358704,2.179082981,3.770502022,1.187847398
"Monsters, Inc.",1.857907225,2.044711756,2.090404068,2.109854374,2.025250944,1.059341634,4.634324619,3.763498798,2.692137668,4.765772183,1.30360108
Monty Python and the Holy Grail,2.649385531,4.925412402,3.562917422,3.349827634,1.266951029,1.739057026,4.42276496,4.771580393,2.813717925,2.938165056,2.479865392
Mr. Smith Goes to Washington,3.523473802,3.804871158,2.793819181,4.684429078,2.970304904,3.859523817,1.062597206,4.416348262,2.540142803,4.858189877,1.327105358
My Father and My Son,1.273746482,3.971387796,2.241649449,3.66438694,1.346862854,1.163896401,2.88683302,4.722550813,4.998074785,3.392275048,2.155360803
My Neighbor Totoro,2.566417969,3.800261592,4.248625785,1.632178242,3.515598884,3.488183084,3.497636188,1.285289959,4.612972037,3.963344938,3.948581935
Nausicaä of the Valley of the Wind,2.488640727,3.339031786,3.351112842,4.378020797,2.003972445,2.084823615,2.542826342,2.465187615,2.201056752,1.629757476,1.046254476
Neon Genesis Evangelion: The End of Evangelion,4.872141779,3.311721032,1.457576425,4.141743638,1.416794829,3.220123775,4.621894842,4.557562326,1.676436322,4.359229342,3.986102881
Network,1.041212577,4.643818802,1.068697317,1.865622967,2.956423441,2.069734301,1.47023658,2.882791958,3.500688206,3.590025374,4.27487148
No Country for Old Men,1.94993199,2.65818325,4.619486407,2.246460395,1.283390109,3.909195049,3.831994329,3.22818927,2.140783794,2.559504172,4.995734493
North by Northwest,1.361290942,2.721313544,2.998666837,4.773548824,4.928146723,2.009217242,3.51518438,4.374887237,4.68467633,4.233768349,2.239946552
Oldboy,1.169319064,2.73776025,1.267607545,2.779682672,2.397369231,1.306748655,3.446920259,4.52776963,1.431921884,1.920526966,4.81908511
On the Waterfront,2.112762335,1.208259329,4.044709882,1.06969661,3.110365047,4.746859215,3.077714235,2.725557035,1.78675494,2.180677735,4.883579877
Once Upon a Time in America,1.99705264,4.301928965,3.64873465,1.304676617,3.057536175,4.513670393,4.970365286,1.612722654,3.222766654,4.743268387,3.224340503
Once Upon a Time in the West,3.926918819,4.773546449,3.861149507,3.242078264,3.820948742,4.813586497,2.590308423,4.891164589,3.817289546,2.730202233,3.644914676
One Flew Over the Cuckoo's Nest,4.290928118,4.034250582,4.299740711,3.834480317,4.223608222,4.326599028,3.697510499,2.402870389,3.688719725,3.739750399,2.18307819
Pan's Labyrinth,4.365866458,1.503442673,2.795349402,3.448574159,2.315785824,2.987802046,1.335568006,4.67831413,4.674015942,2.859611335,4.876834952
"Paris, Texas",4.117956435,1.500437961,3.785395192,3.279614606,1.638931889,3.698451108,1.005076676,4.101599498,2.113296334,2.437263591,1.244436517
Paths of Glory,4.898102154,1.373929354,1.121319165,4.447262042,2.181149058,2.586472343,2.508658178,4.722207144,4.119759278,1.83614089,2.548301827
Persona,1.803967358,4.616724,1.84854233,3.195510523,1.541778074,1.100139084,4.903072885,3.123896269,4.094334923,4.366626356,2.337358332
Pirates of the Caribbean: The Curse of the Black Pearl,1.024175883,4.930372293,4.499375967,3.145977802,1.079963185,3.975976695,2.507301375,4.838641919,1.780943695,1.952530186,1.98021752
PK,1.212636594,2.374371018,2.032684157,1.169591771,2.83500215,2.499908422,2.036357577,3.998919478,2.766286148,2.121579456,3.316050579
Platoon,1.07243219,2.319002192,3.56161097,2.729993928,2.697296671,2.40479133,4.587127145,3.817067799,3.032075958,4.872625309,3.19917761
Princess Mononoke,4.354864731,4.536157522,2.716096113,2.862707261,3.370561006,2.982610186,2.78668471,3.436405186,2.353046377,1.587610128,3.199454845
Prisoners,2.964025501,4.987373269,3.889704316,2.794016774,3.406625275,4.212050609,1.898121949,1.353184884,2.247970528,3.939246607,2.18113198
Psycho,4.09996396,1.291431052,2.666018326,3.348943696,2.850222176,1.034169983,3.712325283,4.713609077,1.933159375,2.27980511,4.057820555
Pulp Fiction,2.78474692,3.971361755,2.628254606,1.220883112,4.462912901,2.05664188,4.920254004,1.265345421,4.681301711,2.469220157,3.563910624
Raging Bull,2.38713067,2.015277443,4.683199645,2.198201197,3.903655013,3.015654614,1.770339354,1.81231603,2.866067021,2.872753948,3.197389949
Ran,3.657075712,2.352963609,1.380689135,2.145056797,2.237466729,1.213118344,1.051679914,3.055252302,2.26688154,3.196882336,4.829201318
Rang De Basanti,2.894122176,1.93920106,1.264778874,1.899851259,4.757304887,4.363503003,1.478021418,4.51517506,2.623667223,2.018332438,4.23822954
Rashomon,3.71786802,3.922435201,3.552042469,3.642068953,3.370995215,1.25468239,4.853502253,3.853818115,3.706265538,4.587079197,3.744366882
Rear Window,1.491827836,3.410223313,1.06543089,2.446799135,1.642313103,3.574911445,1.549933373,3.208369972,4.504368927,2.201534944,2.854543667
Rebecca,4.352918003,2.000262267,1.804819081,4.29481175,1.908914275,2.299874075,1.876750506,1.910778165,1.297975176,2.768408455,3.108966019
Requiem for a Dream,3.214683973,3.154611085,4.287384117,3.348234821,4.779002892,3.329742676,1.871931393,2.634375803,3.807321895,1.672725248,1.448916561
Reservoir Dogs,2.541942965,4.264295603,1.569547563,3.838024439,4.336377382,4.830550505,3.033591307,2.990411499,4.355595677,2.071070051,2.768695263
Rocky,2.78971214,3.610322936,1.390813362,1.372981164,2.615832348,3.707846373,4.319732803,3.522095599,1.53346764,1.913531686,2.866958481
Room,1.187799937,1.409829994,4.616021425,2.336385903,4.210024608,3.736680488,1.332731815,4.502187106,3.398031012,2.321276464,4.948538407
Rush,2.748471407,1.611347314,4.979255408,3.946710572,1.562645392,2.623139844,3.690838715,2.403028722,2.545789947,2.558340768,4.885660454
Saving Private Ryan,4.423776713,1.012691361,4.821985184,3.426658787,4.732314695,4.465375303,2.512796017,4.205495024,4.848607784,1.236519266,4.380582594
Scarface,2.152400255,2.317075649,3.094810317,1.602915535,1.04693278,2.935191704,1.787154759,1.953034918,1.246690554,4.496450285,2.504019742
Schindler's List,1.350133667,4.983716151,4.358424961,4.745681477,1.68369045,4.654131466,2.569278392,3.695165072,1.824326601,2.648669991,1.425046286
Se7en,2.087580127,3.949998533,3.361712383,2.735826502,3.126461218,2.499929721,4.450969002,4.424884188,2.220832902,4.830366219,4.004102331
Seven Samurai,4.887431223,2.551929439,2.14555934,3.899377068,4.871792567,1.944692825,4.983620642,4.431466541,4.104044475,3.289962258,1.65283839
Sherlock Jr.,3.205208323,3.281621219,1.411385722,1.795043188,1.153204645,2.804373359,2.069404263,2.436673161,4.641460496,2.381949252,4.92753021
Shutter Island,3.932710866,1.420544628,2.58396785,2.547288725,4.87425446,2.128791017,2.804957371,2.817173513,4.480475712,1.107909169,4.251806901
Singin' in the Rain,4.535211685,1.093926165,2.065213376,2.79805682,2.152400455,2.746910095,1.782707324,4.579926909,1.043110238,2.152636518,4.934839586
Snatch,1.092555861,4.353866646,2.062023397,2.562690213,2.177632796,1.087708905,3.960837569,3.654703131,2.37347718,3.283099462,3.317133597
Some Like It Hot,1.453213987,4.169679073,3.087356653,1.95837475,1.874000304,3.5358317,4.16224261,3.44575411,4.111964557,4.038205196,4.480020861
Song of the Sea,4.50711209,2.649709954,4.122131708,4.129619724,1.599827625,2.887512834,3.502180586,2.70531551,3.609981683,1.825848149,3.566724255
Spider-Man: Into the Spider-Verse,4.295693404,4.787995124,4.451758454,4.706907394,1.179793673,1.974323305,1.117418163,2.273585749,1.865235862,3.714338194,1.005495054
Spirited Away,3.08845864,1.984276622,1.934392669,2.564274908,4.946493661,3.533994078,1.920635527,1.171831148,4.157039654,1.062420397,4.743681866
Spotlight,4.491672598,4.408083097,4.384579663,3.196804898,1.114236276,2.211855915,1.286628431,1.349707148,4.749699629,1.79075754,3.211782552
Stalker,3.773686414,3.537625275,4.712666045,2.642530733,1.522182369,1.217258128,4.219939056,1.212231355,4.688089651,4.266293143,3.481553411
Stand by Me,4.18215429,4.305950749,4.242730933,2.661501126,2.412516965,1.936316738,2.767827041,3.82540567,3.161082383,3.362826725,4.912827498
Star Wars: Episode IV - A New Hope,2.678637567,1.69446332,4.992570242,1.117551511,3.961805704,2.398258736,1.173614399,2.000972905,4.833626151,2.500565402,3.875659223
Star Wars: Episode V - The Empire Strikes Back,1.464457188,3.372859329,2.558724737,2.570603507,3.800711099,4.165816048,4.257593521,4.565741709,4.095808658,1.095230573,1.743599435
Star Wars: Episode VI - Return of the Jedi,2.285531048,2.793244973,3.910405543,2.706646074,4.480578628,3.557232921,3.063630934,1.104889099,4.552470427,1.916660102,2.617786588
Sunrise,1.461594018,2.350655297,1.646738246,2.718639203,4.08021127,4.18924962,1.681257794,2.42406855,2.098057696,3.102406233,2.186573973
Sunset Boulevard,3.467279772,3.93939281,3.897260299,2.135192158,2.960011845,4.39159406,3.855408322,4.513340437,4.152549125,3.667567352,4.326586301
Taxi Driver,2.08914956,4.212158983,1.222680055,3.649226063,4.078731934,3.75118825,1.550660967,3.306392136,4.506477128,2.760475427,3.644086377
Terminator 2: Judgment Day,3.682040775,4.515082838,4.258650398,2.833649782,4.263060926,1.400150462,4.520107544,3.166613368,3.39863678,3.236346063,4.779063863
The 400 Blows,4.877348483,4.39965624,4.064490113,1.504305053,4.812214502,1.962346871,4.821801587,1.064303138,2.300626573,3.174257534,3.05538629
The Apartment,1.950314631,1.201636891,2.066025834,1.849928483,3.798529264,3.443208114,3.486627676,1.053410238,2.016616743,2.921570871,2.409814413
The Bandit,2.620361397,4.620183914,2.383083813,1.676720037,2.515560577,1.490592868,3.304730718,4.991958604,3.547173083,4.370057783,2.235921412
The Best Years of Our Lives,3.114422434,3.951871177,3.784508223,1.405708913,4.744836481,1.464457217,4.113288944,4.589201016,2.7842491,2.102557429,2.314549671
The Big Lebowski,3.325545189,4.769843963,4.010385036,4.372069255,2.118620146,2.187704544,2.513579069,2.209240242,1.786096787,2.371738306,4.203567777
The Bridge on the River Kwai,4.650491097,1.858434431,1.626819315,1.403934008,2.114910291,1.883407981,2.687171685,1.633190739,3.651373547,3.412974189,1.054875072
The Dark Knight,3.429524474,4.033816099,4.944428368,2.818407517,2.344388797,2.344697523,4.579882268,2.377851396,1.45568162,1.417490025,1.6682799
The Dark Knight Rises,1.027427512,2.158291825,2.111191843,4.928552991,1.258736801,4.534652209,3.843261107,1.631913789,1.112157169,2.225963518,2.11834089
The Deer Hunter,4.538850892,3.045289306,3.476273481,2.706985204,4.102277598,3.208810059,1.563034964,4.784226377,2.113275682,3.691700708,2.538478867
The Departed,1.273362914,2.384205938,3.656425185,3.925526279,1.167026105,3.183542957,3.73325671,1.644762437,1.418368232,3.780415006,1.231957261
The Elephant Man,2.052571492,4.108383683,2.633030597,1.598837302,1.967078327,4.918917677,3.076404842,3.068902518,1.705134762,2.781596213,3.416018235
The Exorcist,4.029150313,1.183769739,3.72208224,1.037339029,2.240620808,3.406426272,4.711504681,1.221930844,4.222653274,2.108625856,1.125685901
The General,4.595622402,3.953616262,3.714849002,1.753134625,2.311835843,2.280514405,3.709675241,3.477554205,2.380175454,1.579974388,3.249233979
The Godfather,3.474864659,1.358322719,1.945484297,1.925182507,3.241587565,3.791170238,1.284236675,1.252986611,2.971769321,3.455645402,2.135536152
The Godfather: Part II,2.0164216,4.535768264,1.142822588,1.099457395,1.062361975,2.862543279,4.637042823,4.732316451,4.259685025,4.246692951,4.108246068
The Gold Rush,2.417724145,2.021647803,1.407886619,1.706201002,3.718839756,4.105600179,3.846027206,2.490811728,3.100404686,3.298589949,3.701811539
"The Good, the Bad and the Ugly",1.853646034,3.483925669,1.140009381,2.087866395,2.759906316,1.921707686,1.051275027,1.067583415,3.978040333,4.981398227,3.775512762
The Grand Budapest Hotel,1.550349195,1.254878983,1.881128059,2.868784305,1.088910176,4.131633132,4.753690615,3.773436703,1.957693958,1.00340933,3.011679604
The Grapes of Wrath,3.663945991,3.675677118,4.100478985,4.990885532,2.019627233,3.295141702,4.11670356,3.279609433,4.316765577,3.644286527,3.756253461
The Great Dictator,1.538921195,3.910327815,1.193518585,3.697692974,2.886578481,2.61675828,4.332433058,1.636836356,4.678342963,2.802871517,3.890552806
The Great Escape,2.660720091,3.331718722,1.164918914,2.249858535,2.231506592,4.231305869,2.297696965,3.558863769,3.872470072,4.089716864,2.892698515
The Green Mile,3.575910762,1.279185393,2.279269877,4.555713921,1.513748687,2.566095109,3.409406416,2.833026975,1.224090128,1.536045294,2.161844185
The Handmaiden,1.235313316,4.533374505,1.429698543,2.901781557,4.589519694,4.780243888,3.381356872,3.065221707,4.623458667,3.879075596,4.76754855
The Help,4.909218021,2.353181854,3.371702275,1.986854973,3.929482557,4.803478079,2.672859813,4.883154196,4.541264415,2.602878093,3.290035122
The Hunt,2.587094409,1.466261092,3.964655198,2.074049205,3.33789547,3.183268824,4.234928687,1.587248583,3.710077524,4.830801575,2.149318585
The Intouchables,4.09619037,2.000189262,2.083633441,4.04484235,3.910830003,1.090927643,4.053288842,1.791091964,3.272765653,1.094428162,2.923183015
The Kid,4.61954987,2.846651594,1.79830011,1.613072027,4.274784843,2.284524191,1.663892966,3.988854902,2.432205932,4.339737378,2.484821531
The Lion King,1.940217961,3.720846582,4.451008755,1.875364605,4.863542874,4.414362961,4.805194895,3.10172174,4.165288525,4.412966741,4.075570297
The Lives of Others,3.806983189,3.564310025,4.9158741,1.997205273,1.803477572,2.363031216,2.249781158,1.292161576,1.234779013,2.590005566,3.003794286
The Lord of the Rings: The Fellowship of the Ring,1.896541801,4.443701515,1.903706588,1.74292563,2.408588539,1.647200276,1.167676251,1.2676521,3.12601065,3.293200257,3.277018038
The Lord of the Rings: The Return of the King,3.15112914,4.548955391,3.851971452,2.234304908,3.281100045,4.770373632,4.106569166,1.727514308,2.680919338,3.69610962,3.574334491
The Lord of the Rings: The Two Towers,2.108023651,1.387514585,4.725759723,2.846031745,4.882395062,4.157408182,1.554462896,3.19991014,1.474499381,1.063518267,4.331617718
The Maltese Falcon,2.554182441,3.837053723,1.124359769,2.886003277,4.307147354,3.270336059,4.918633917,4.761325397,2.750735317,2.97052427,3.709470227
The Matrix,3.981838694,3.073190198,3.363383242,4.630141747,2.763274561,1.608443887,1.187424423,1.731949782,2.985522515,3.999146737,3.507368871
The Nights of Cabiria,2.067202739,1.431458832,2.556943063,1.466523045,3.424638737,3.846779991,3.484330695,1.074653757,2.429124564,4.195521333,4.025836583
The Passion of Joan of Arc,3.105545233,3.56582126,3.176449579,2.533595929,1.123310611,3.545178285,1.418145117,3.911439327,1.432045128,3.40062936,2.122476831
The Pianist,1.043960587,3.502198964,4.947415361,3.231124232,3.315888803,2.148044744,3.332636757,2.602279431,1.053741784,3.818258339,3.651178401
The Prestige,1.182018839,4.485463593,1.416855466,4.013911606,2.937109285,3.569823088,2.507814165,3.790599675,3.25436994,2.445200232,1.818182683
The Princess Bride,3.661270429,4.079552206,4.729257738,3.574045852,2.992212242,3.239420353,4.755284404,2.942650993,1.336251522,1.740310891,2.174219065
The Secret in Their Eyes,3.269323237,1.415770455,2.05426908,4.813227145,2.740180088,3.343549604,3.387445895,3.884492672,4.582790095,3.222912054,3.158554275
The Seventh Seal,2.474013215,2.211709471,2.630428137,2.549201045,4.4740945,3.363490028,4.575731165,4.164176238,2.076215121,2.161878844,1.722232262
The Shawshank Redemption,2.711369727,2.416441432,1.932006662,1.604044094,2.959816759,2.195804358,3.469876183,1.87727899,2.462511169,4.290878912,1.875016504
The Shining,2.819838478,3.241653921,1.406191191,1.210945543,2.451701804,3.840350977,1.867245167,4.456948039,1.315752271,3.35621825,4.172993755
The Silence of the Lambs,1.662665877,4.294532638,2.277964451,2.066480354,2.056979836,4.066426424,2.027093144,1.792204732,3.004706644,1.40157605,2.942456138
The Sixth Sense,4.96391218,3.706880589,3.480694654,4.428314583,2.37461884,1.916394161,4.299571385,3.452031822,3.684331288,4.548956659,1.282240696
The Sting,1.84759171,4.640618813,4.820842038,3.542449105,3.033151933,1.367772614,2.362708582,2.145607915,2.872204343,4.07712172,2.626822583
The Terminator,2.439469523,3.023340449,1.404624851,3.113447112,1.106880706,4.68871899,3.924486306,4.964135536,4.971288078,1.832057062,4.728134455
The Thing,2.004860402,3.474089198,3.765233687,2.236356473,2.913186264,2.525714757,4.447098612,1.784366104,3.351188942,3.129776487,2.993366685
The Third Man,2.61388339,1.833673426,2.2149063,2.063788122,2.403511197,2.511467652,1.554656662,3.869000779,1.391788563,3.482551373,1.664820069
The Treasure of the Sierra Madre,1.847473091,4.297707848,2.259451793,4.860457539,1.537587681,1.285359914,1.050091147,1.109050642,1.614296531,1.837596409,4.294744756
The Truman Show,4.981361033,3.210842188,1.706616166,4.879100111,1.075740038,1.316913145,4.111100942,1.024190775,2.823948121,4.817360172,4.697836438
The Usual Suspects,2.273729489,1.535500117,1.414123789,3.182284846,3.160161844,4.772518364,3.528492621,4.63640215,2.733835802,3.693516052,1.603955854
The Wages of Fear,1.631636394,1.484966087,4.153299711,3.844043991,4.369183115,3.004528097,1.10043393,3.730249608,2.142844355,4.185603491,3.678838564
The Wizard of Oz,4.532829716,2.587053256,4.685934952,4.230467744,2.379234699,2.502696018,3.983053934,3.574853294,3.051890188,1.849943244,3.220341351
The Wolf of Wall Street,1.7021031,3.536001438,4.616412393,2.101834793,4.999196682,4.02680085,1.172709607,3.031822114,1.056229238,2.226790047,3.457648827
There Will Be Blood,4.018339175,4.243910774,1.632252515,2.569881771,3.802592868,2.197005676,1.321497403,3.127265971,4.787646162,1.715783762,3.983360932
"Three Billboards Outside Ebbing, Missouri",2.940271861,4.132643962,3.266983039,3.271840459,3.16050725,4.264481338,3.156550069,4.538029657,1.079602066,3.753290887,3.917142196
Three Colors: Red,4.541642755,2.801148215,3.363616171,2.855444844,4.436818523,4.866213605,2.95411055,3.324499305,1.924347749,2.308626378,3.718309453
To Kill a Mockingbird,3.308615615,4.802395818,1.283230604,2.894633674,3.932578408,4.216962314,4.811655355,3.214067187,1.027965001,2.289866095,2.845464618
Tokyo Story,1.121118642,1.708249837,1.838601379,2.838783269,3.221558279,1.543365162,3.956885149,4.510076564,1.983810505,1.997771509,2.485368211
Toy Story,3.644000553,4.384767535,4.500781522,1.463557019,2.432173592,2.458958903,2.694579729,1.922077054,4.023741581,2.228237126,1.477893932
Toy Story 3,4.661237741,4.706376753,3.502358778,3.047723888,1.516275987,1.852552125,4.184195236,3.535401913,4.969011341,1.327651288,3.312860777
Trainspotting,3.673223052,3.66768185,1.597894483,1.071512667,3.987700103,4.643008457,4.539264624,4.558901277,4.916056922,3.844528112,3.223240523
Unforgiven,2.990286852,2.521019581,4.951527381,2.053699378,3.034268526,2.867806356,1.394716555,2.138531264,4.753288585,2.489980631,2.018678011
Up,1.870743658,3.101277667,3.506435223,4.089330514,3.775050485,1.654310066,3.052473237,3.176083624,4.596662758,1.477304073,3.136690516
V for Vendetta,4.002127415,3.567474008,1.943466772,1.819029038,2.33132222,2.956584874,1.379182058,3.986557681,3.314721148,1.100262104,1.868289644
Vertigo,1.988351488,1.182622508,3.599324764,2.028439722,4.742530505,4.338354299,3.380608598,2.299890975,1.647521045,3.984564927,3.122081446
WALL·E,2.223257543,3.71362518,4.27682519,1.083849378,4.339524689,2.715090678,4.124064994,4.261791718,3.180645937,1.200497388,4.728964764
Warrior,4.012027418,4.822864328,4.319533723,4.365059413,4.628611096,1.931778882,2.074919824,4.527870827,3.060705742,1.597461376,1.260559458
Whiplash,4.624515971,3.871039427,2.990932686,2.970564353,1.304076115,1.874521299,3.827036934,2.805673482,1.623091584,2.67522254,4.932765254
Wild Strawberries,1.582755491,1.395331159,4.697873515,2.275133635,1.626632188,2.060194799,3.065701637,1.227408201,1.247305811,1.848207378,1.611617459
Wild Tales,1.80252248,2.782828943,4.543697376,1.042167121,1.683644831,4.023456307,2.725448122,3.431059872,3.625861984,2.0684613,4.786510434
Witness for the Prosecution,1.551510933,1.025849722,3.635841963,3.398314689,4.315548745,1.328280911,3.865415486,1.229429473,3.690889944,2.233404821,3.349754518
Yojimbo,2.619889699,3.566659523,4.033537495,1.157680394,2.995252632,2.116374251,2.060828668,2.081303765,3.176342558,1.564417286,4.010678586
Your Name.,3.709574659,1.442197937,4.849075615,4.101971648,2.129679818,4.799801465,1.601899493,3.741254254,1.303830139,3.267683724,1.552452432
